count,Instruction Adherence,Fluency,Coherency,Image-Text Relevance,Response Accuracy,Personality Consistency,Knowledge Consistency,Tone Consistency
26,0.9487179487179488,0.9837606837606838,0.9457264957264957,0.8982905982905982,0.9243589743589745,0.8543803418803417,0.8983974358974358,0.871153846153846
