count,Instruction Adherence,Fluency,Coherency,Image-Text Relevance,Response Accuracy,Personality Consistency,Knowledge Consistency,Tone Consistency
26,1.0358669108669107,1.0224358974358974,1.079059829059829,1.0578296703296703,1.0397435897435896,1.1322344322344322,1.0705433455433455,1.1179792429792428
