count,Instruction Adherence,Fluency,Coherency,Image-Text Relevance,Response Accuracy,Personality Consistency,Knowledge Consistency,Tone Consistency
26,0.9586080586080586,1.0144230769230769,1.0360653235653234,1.0208638583638583,1.003907203907204,0.9943833943833943,1.013003663003663,1.0167124542124542
