count,Instruction Adherence,Fluency,Coherency,Image-Text Relevance,Response Accuracy,Personality Consistency,Knowledge Consistency,Tone Consistency
26,0.9923076923076923,1.0048076923076923,0.9961538461538461,0.9884615384615384,0.9884615384615386,1.0103632478632476,0.9935897435897435,0.9915598290598289
