count,Instruction Adherence,Fluency,Coherency,Image-Text Relevance,Response Accuracy,Personality Consistency,Knowledge Consistency,Tone Consistency
26,0.9957264957264957,1.0,0.9961538461538461,0.9932692307692308,0.9884615384615386,0.966559829059829,0.9783119658119658,0.9559829059829059
