count,Instruction Adherence,Fluency,Coherency,Image-Text Relevance,Response Accuracy,Personality Consistency,Knowledge Consistency,Tone Consistency
26,0.9871794871794871,0.9914529914529915,0.9876068376068375,0.9538461538461538,0.9675213675213675,0.9133547008547007,0.9576923076923074,0.9378205128205128
