count,Instruction Adherence,Fluency,Coherency,Image-Text Relevance,Response Accuracy,Personality Consistency,Knowledge Consistency,Tone Consistency
26,0.9380341880341879,0.9923076923076922,0.9865384615384615,0.9822954822954825,0.976923076923077,0.8897435897435896,0.9230769230769231,0.8854700854700852
