count,Instruction Adherence,Fluency,Coherency,Image-Text Relevance,Response Accuracy,Personality Consistency,Knowledge Consistency,Tone Consistency
26,1.0168650793650793,1.0096153846153846,1.0523504273504274,1.0640262515262515,1.0346153846153847,1.1190170940170938,1.0537393162393163,1.121779609279609
