count,Instruction Adherence,Fluency,Coherency,Image-Text Relevance,Response Accuracy,Personality Consistency,Knowledge Consistency,Tone Consistency
25,1.06015873015873,1.0383333333333333,1.0861904761904762,1.0906349206349206,1.0907936507936506,1.0995396825396824,1.070111111111111,1.1235396825396824
