count,Instruction Adherence,Fluency,Coherency,Image-Text Relevance,Response Accuracy,Personality Consistency,Knowledge Consistency,Tone Consistency
25,0.8951111111111113,0.992,0.9356666666666666,0.9025396825396826,0.902984126984127,0.7884444444444446,0.8262222222222223,0.7720000000000001
