count,Instruction Adherence,Fluency,Coherency,Image-Text Relevance,Response Accuracy,Personality Consistency,Knowledge Consistency,Tone Consistency
25,0.9931111111111112,0.992,1.0158888888888888,1.0154444444444446,1.002888888888889,1.0129206349206348,1.0305873015873015,1.0093650793650795
