count,Instruction Adherence,Fluency,Coherency,Image-Text Relevance,Response Accuracy,Personality Consistency,Knowledge Consistency,Tone Consistency
26,1.038415750915751,1.012912087912088,1.0387515262515261,1.017567155067155,1.0196123321123323,1.0604548229548227,1.0457875457875456,1.0497100122100123
