count,Instruction Adherence,Fluency,Coherency,Image-Text Relevance,Response Accuracy,Personality Consistency,Knowledge Consistency,Tone Consistency
72,0.8138007054673723,0.9391975308641973,0.8595182980599646,0.776488095238095,0.7684303350970016,0.7121803350970014,0.7614528218694884,0.7158509700176365
