count,Instruction Adherence,Fluency,Coherency,Image-Text Relevance,Response Accuracy,Personality Consistency,Knowledge Consistency,Tone Consistency
72,0.9540729717813051,0.9785108024691359,0.9445546737213406,0.9292438271604939,0.9179783950617286,0.9180886243386241,0.9384369488536155,0.8992173721340389
