count,Instruction Adherence,Fluency,Coherency,Image-Text Relevance,Response Accuracy,Personality Consistency,Knowledge Consistency,Tone Consistency
72,0.9190751763668431,0.9743827160493829,0.9134314373897708,0.885163139329806,0.8920800264550264,0.9105434303350969,0.9156690917107583,0.9241457231040564
