count,Instruction Adherence,Fluency,Coherency,Image-Text Relevance,Response Accuracy,Personality Consistency,Knowledge Consistency,Tone Consistency
26,1.0048076923076923,1.0085470085470085,1.0096153846153846,1.017948717948718,1.0126373626373626,1.0345085470085467,1.0094017094017091,1.0653846153846152
