count,Instruction Adherence,Fluency,Coherency,Image-Text Relevance,Response Accuracy,Personality Consistency,Knowledge Consistency,Tone Consistency
26,1.0943986568986568,1.049679487179487,1.161172161172161,1.1430860805860805,1.1159188034188032,1.2296245421245422,1.1485042735042734,1.2134462759462759
