count,Instruction Adherence,Fluency,Coherency,Image-Text Relevance,Response Accuracy,Personality Consistency,Knowledge Consistency,Tone Consistency
26,1.1927655677655677,1.0988247863247862,1.211172161172161,1.2358058608058609,1.23234126984127,1.2588522588522584,1.222603785103785,1.2709096459096456
