count,Instruction Adherence,Fluency,Coherency,Image-Text Relevance,Response Accuracy,Personality Consistency,Knowledge Consistency,Tone Consistency
26,0.7563034188034189,0.9474358974358974,0.8295940170940173,0.7938949938949939,0.7607905982905983,0.6594017094017093,0.6888888888888888,0.6598290598290597
