count,Instruction Adherence,Fluency,Coherency,Image-Text Relevance,Response Accuracy,Personality Consistency,Knowledge Consistency,Tone Consistency
26,0.9444444444444445,0.9885683760683761,0.9637820512820514,0.9153846153846156,0.9045940170940173,0.877457264957265,0.8907051282051283,0.884294871794872
