count,Instruction Adherence,Fluency,Coherency,Image-Text Relevance,Response Accuracy,Personality Consistency,Knowledge Consistency,Tone Consistency
26,0.8353632478632479,0.9559829059829059,0.8629273504273505,0.7943376068376069,0.8242368742368742,0.8232142857142859,0.8705891330891332,0.8501984126984129
