count,Instruction Adherence,Fluency,Coherency,Image-Text Relevance,Response Accuracy,Personality Consistency,Knowledge Consistency,Tone Consistency
72,0.9280092592592593,0.9640817901234566,0.9440972222222221,0.9032242063492062,0.9082947530864196,0.8858741181657848,0.8929398148148147,0.8974096119929451
