count,Instruction Adherence,Fluency,Coherency,Image-Text Relevance,Response Accuracy,Personality Consistency,Knowledge Consistency,Tone Consistency
72,1.0261188271604942,1.0264274691358029,1.0617559523809526,1.0553681657848326,1.0485559964726634,1.141887125220459,1.0720623897707235,1.1434193121693128
