count,Instruction Adherence,Fluency,Coherency,Image-Text Relevance,Response Accuracy,Personality Consistency,Knowledge Consistency,Tone Consistency
72,1.0597001763668432,1.0309027777777782,1.0856095679012345,1.0868441358024696,1.1056492504409174,1.1859126984126989,1.0916335978835985,1.1589395943562615
