count,Instruction Adherence,Fluency,Coherency,Image-Text Relevance,Response Accuracy,Personality Consistency,Knowledge Consistency,Tone Consistency
26,0.9320512820512821,0.9837606837606838,0.9891025641025641,0.9575091575091572,0.9754578754578754,0.8508547008547007,0.8893162393162393,0.8513888888888889
