count,Instruction Adherence,Fluency,Coherency,Image-Text Relevance,Response Accuracy,Personality Consistency,Knowledge Consistency,Tone Consistency
26,0.9748931623931625,0.982905982905983,0.9895299145299146,1.005448717948718,0.9732905982905984,1.0238247863247862,0.9820818070818071,1.0173076923076922
