count,Instruction Adherence,Fluency,Coherency,Image-Text Relevance,Response Accuracy,Personality Consistency,Knowledge Consistency,Tone Consistency
26,1.0391483516483517,1.0219017094017093,1.0729700854700854,1.1220238095238095,1.1357600732600732,1.1895299145299143,1.1304181929181927,1.1733974358974357
