count,Instruction Adherence,Fluency,Coherency,Image-Text Relevance,Response Accuracy,Personality Consistency,Knowledge Consistency,Tone Consistency
26,0.9747863247863248,0.9880341880341881,0.9764957264957265,0.9333333333333333,0.9410256410256411,0.8444444444444443,0.9029914529914529,0.8405982905982904
