count,Instruction Adherence,Fluency,Coherency,Image-Text Relevance,Response Accuracy,Personality Consistency,Knowledge Consistency,Tone Consistency
26,0.9747863247863248,0.9961538461538461,0.9961538461538461,0.997542735042735,0.9803418803418804,0.9735042735042735,0.9731837606837607,0.9782051282051282
