count,Instruction Adherence,Fluency,Coherency,Image-Text Relevance,Response Accuracy,Personality Consistency,Knowledge Consistency,Tone Consistency
26,1.012057387057387,1.0090811965811965,1.0053418803418803,0.984508547008547,1.001923076923077,1.034920634920635,0.994230769230769,1.0088522588522588
