count,Instruction Adherence,Fluency,Coherency,Image-Text Relevance,Response Accuracy,Personality Consistency,Knowledge Consistency,Tone Consistency
26,0.7647435897435899,0.9230769230769232,0.8381410256410257,0.7586691086691086,0.7415140415140417,0.6478632478632478,0.6981837606837604,0.6589743589743591
