count,Instruction Adherence,Fluency,Coherency,Image-Text Relevance,Response Accuracy,Personality Consistency,Knowledge Consistency,Tone Consistency
26,0.9396367521367522,0.9961538461538461,0.9457264957264957,0.9393162393162394,0.922542735042735,0.8811965811965812,0.9082264957264956,0.8849206349206349
