count,Instruction Adherence,Fluency,Coherency,Image-Text Relevance,Response Accuracy,Personality Consistency,Knowledge Consistency,Tone Consistency
26,0.9783730158730157,1.023809523809524,0.9821428571428571,1.03258547008547,0.9528846153846154,0.973611111111111,0.9783882783882782,0.9755341880341881
