count,Instruction Adherence,Fluency,Coherency,Image-Text Relevance,Response Accuracy,Personality Consistency,Knowledge Consistency,Tone Consistency
71,0.9055331991951706,0.962636932707355,0.9152190923317683,0.8477699530516429,0.8699921752738651,0.8063771517996864,0.8629052090319691,0.8209031969595345
