count,Instruction Adherence,Fluency,Coherency,Image-Text Relevance,Response Accuracy,Personality Consistency,Knowledge Consistency,Tone Consistency
72,0.9727127425044091,0.9911265432098766,0.9767250881834215,0.9590828924162257,0.9551973104056436,0.974018959435626,0.9760582010582011,0.9606261022927688
