count,Instruction Adherence,Fluency,Coherency,Image-Text Relevance,Response Accuracy,Personality Consistency,Knowledge Consistency,Tone Consistency
72,0.9397982804232805,0.9899856701940036,0.9676421957671957,0.9661981922398587,0.932528659611993,0.9617118606701942,0.9548996913580251,0.9580577601410939
