count,Instruction Adherence,Fluency,Coherency,Image-Text Relevance,Response Accuracy,Personality Consistency,Knowledge Consistency,Tone Consistency
72,0.9613040123456789,0.9737654320987654,0.96875,0.916435185185185,0.9381283068783068,0.8525077160493821,0.9066743827160487,0.84957561728395
