count,Instruction Adherence,Fluency,Coherency,Image-Text Relevance,Response Accuracy,Personality Consistency,Knowledge Consistency,Tone Consistency
72,0.9911265432098766,1.0032793209876543,1.0018904320987656,1.0030864197530864,0.9941743827160495,1.0057043650793651,0.9919753086419753,1.001306216931217
