count,Instruction Adherence,Fluency,Coherency,Image-Text Relevance,Response Accuracy,Personality Consistency,Knowledge Consistency,Tone Consistency
72,1.0138668430335096,1.0100308641975309,1.0251488095238095,1.0163966049382718,1.0284501763668432,1.0606481481481485,1.0343584656084657,1.0448908730158732
