count,Instruction Adherence,Fluency,Coherency,Image-Text Relevance,Response Accuracy,Personality Consistency,Knowledge Consistency,Tone Consistency
72,0.7403328924162252,0.8892361111111108,0.8078648589065252,0.7466435185185183,0.7246527777777773,0.6366126543209876,0.7104938271604935,0.6439373897707231
