count,Instruction Adherence,Fluency,Coherency,Image-Text Relevance,Response Accuracy,Personality Consistency,Knowledge Consistency,Tone Consistency
72,0.9330963403880072,0.9558201058201061,0.9229828042328043,0.9102237654320986,0.8854442239858904,0.8759093915343914,0.8755731922398589,0.8590167548500881
