count,Instruction Adherence,Fluency,Coherency,Image-Text Relevance,Response Accuracy,Personality Consistency,Knowledge Consistency,Tone Consistency
71,0.8359043147775542,0.9081377151799689,0.8339145987033311,0.8273027051196066,0.8048457411133466,0.8120780236977421,0.8671193829644533,0.8139503688799462
