count,Instruction Adherence,Fluency,Coherency,Image-Text Relevance,Response Accuracy,Personality Consistency,Knowledge Consistency,Tone Consistency
26,1.0288461538461537,1.0309829059829059,1.094017094017094,1.1216422466422464,1.0805860805860805,1.1916971916971915,1.1163766788766787,1.1921550671550671
