count,Instruction Adherence,Fluency,Coherency,Image-Text Relevance,Response Accuracy,Personality Consistency,Knowledge Consistency,Tone Consistency
26,1.0599053724053724,1.0576923076923075,1.1255341880341878,1.1235958485958486,1.1217185592185592,1.2239774114774113,1.130189255189255,1.2165750915750915
