count,Instruction Adherence,Fluency,Coherency,Image-Text Relevance,Response Accuracy,Personality Consistency,Knowledge Consistency,Tone Consistency
71,0.9751732617929799,0.982824726134585,0.9914263357925328,0.9628157835904314,0.9637994634473503,0.8853621730382287,0.9277330650570084,0.8802816901408445
