count,Instruction Adherence,Fluency,Coherency,Image-Text Relevance,Response Accuracy,Personality Consistency,Knowledge Consistency,Tone Consistency
71,1.0156773977196514,1.0173261792980104,1.0327688352336242,1.0544377375363292,1.0253912363067292,1.104420970266041,1.0495975855130788,1.0948524480214628
