count,Instruction Adherence,Fluency,Coherency,Image-Text Relevance,Response Accuracy,Personality Consistency,Knowledge Consistency,Tone Consistency
72,1.060570987654321,1.0359898589065262,1.0747354497354502,1.0742118606701943,1.0918540564373904,1.1404651675485014,1.0902943121693127,1.1445987654320993
