count,Instruction Adherence,Fluency,Coherency,Image-Text Relevance,Response Accuracy,Personality Consistency,Knowledge Consistency,Tone Consistency
72,0.9682870370370367,0.9871527777777777,0.9718364197530863,0.9611827601410935,0.9834104938271603,0.9024966931216927,0.9446704144620806,0.8944775132275127
