count,Instruction Adherence,Fluency,Coherency,Image-Text Relevance,Response Accuracy,Personality Consistency,Knowledge Consistency,Tone Consistency
72,1.0109733245149912,1.0088734567901239,1.0241291887125223,1.0404265873015877,1.0222993827160498,1.0928406084656086,1.053973765432099,1.0805335097001767
