count,Instruction Adherence,Fluency,Coherency,Image-Text Relevance,Response Accuracy,Personality Consistency,Knowledge Consistency,Tone Consistency
72,1.0480379188712523,1.0369874338624339,1.071687610229277,1.1031194885361557,1.104679232804233,1.193463403880071,1.1214065255731926,1.163949514991182
