count,Instruction Adherence,Fluency,Coherency,Image-Text Relevance,Response Accuracy,Personality Consistency,Knowledge Consistency,Tone Consistency
72,0.7920138888888885,0.9208333333333327,0.8631172839506169,0.798578042328042,0.7722883597883594,0.6725308641975309,0.7460648148148148,0.6853395061728396
