count,Instruction Adherence,Fluency,Coherency,Image-Text Relevance,Response Accuracy,Personality Consistency,Knowledge Consistency,Tone Consistency
72,0.9510361552028217,0.9859126984126984,0.9608741181657847,0.9610174162257492,0.9482197971781304,0.8907076719576718,0.9510967813051145,0.8896053791887124
