count,Instruction Adherence,Fluency,Coherency,Image-Text Relevance,Response Accuracy,Personality Consistency,Knowledge Consistency,Tone Consistency
72,0.7872134038800704,0.9440200617283947,0.8047674162257494,0.8055500440917105,0.7658840388007051,0.7614528218694886,0.7936838624338622,0.7674327601410937
