count,Instruction Adherence,Fluency,Coherency,Image-Text Relevance,Response Accuracy,Personality Consistency,Knowledge Consistency,Tone Consistency
26,0.7726495726495729,0.8919871794871794,0.7979700854700856,0.7071428571428573,0.7231837606837609,0.6719017094017092,0.7098290598290599,0.6757478632478631
