count,Instruction Adherence,Fluency,Coherency,Image-Text Relevance,Response Accuracy,Personality Consistency,Knowledge Consistency,Tone Consistency
26,0.982997557997558,0.9933760683760684,1.0011599511599512,0.9673992673992674,0.982997557997558,0.9082112332112332,0.9800061050061049,0.8842796092796094
