count,Instruction Adherence,Fluency,Coherency,Image-Text Relevance,Response Accuracy,Personality Consistency,Knowledge Consistency,Tone Consistency
25,0.8387777777777778,0.8835555555555555,0.814984126984127,0.8082539682539683,0.7856507936507936,0.7603333333333333,0.7907777777777777,0.7776507936507936
