count,Instruction Adherence,Fluency,Coherency,Image-Text Relevance,Response Accuracy,Personality Consistency,Knowledge Consistency,Tone Consistency
72,1.0043595679012345,1.010223765432099,1.0164241622574957,1.041385582010582,1.029778439153439,1.0777832892416228,1.033404982363316,1.0669257054673724
