count,Instruction Adherence,Fluency,Coherency,Image-Text Relevance,Response Accuracy,Personality Consistency,Knowledge Consistency,Tone Consistency
72,1.1366843033509706,1.0856481481481488,1.2011959876543212,1.2133763227513235,1.1680720899470907,1.2852733686067026,1.2229662698412704,1.2794312169312176
