count,Instruction Adherence,Fluency,Coherency,Image-Text Relevance,Response Accuracy,Personality Consistency,Knowledge Consistency,Tone Consistency
72,1.2713569223985894,1.133212081128749,1.2490906084656086,1.279932760141094,1.2656580687830692,1.3401730599647268,1.289902998236332,1.3234402557319223
