count,Instruction Adherence,Fluency,Coherency,Image-Text Relevance,Response Accuracy,Personality Consistency,Knowledge Consistency,Tone Consistency
72,1.003968253968254,0.9986111111111112,1.0078703703703704,1.02798721340388,1.0194444444444446,1.037461419753087,1.0107253086419754,1.0265156525573194
