count,Instruction Adherence,Fluency,Coherency,Image-Text Relevance,Response Accuracy,Personality Consistency,Knowledge Consistency,Tone Consistency
72,1.0505952380952381,1.0387455908289245,1.1046075837742506,1.1268738977072312,1.1081624779541448,1.2221726190476194,1.1371803350970022,1.2171792328042332
