count,Instruction Adherence,Fluency,Coherency,Image-Text Relevance,Response Accuracy,Personality Consistency,Knowledge Consistency,Tone Consistency
72,1.1350859788359788,1.0609292328042332,1.1496968694885363,1.150611772486773,1.1725970017636689,1.2655423280423284,1.1806382275132283,1.2576113315696658
