count,Instruction Adherence,Fluency,Coherency,Image-Text Relevance,Response Accuracy,Personality Consistency,Knowledge Consistency,Tone Consistency
72,1.0,1.0003472222222223,1.0001543209876544,1.0162037037037035,0.9986111111111112,1.024382716049383,1.002507716049383,1.0305555555555561
