count,Instruction Adherence,Fluency,Coherency,Image-Text Relevance,Response Accuracy,Personality Consistency,Knowledge Consistency,Tone Consistency
72,1.0,0.9986111111111112,0.9986111111111112,0.9902612433862434,0.9961805555555555,0.9939814814814815,0.9895447530864198,0.9690586419753084
