count,Instruction Adherence,Fluency,Coherency,Image-Text Relevance,Response Accuracy,Personality Consistency,Knowledge Consistency,Tone Consistency
72,1.0008818342151675,1.0015432098765433,0.9975308641975309,0.9854166666666669,0.9727182539682541,1.0177469135802473,0.9988425925925927,0.9903990299823633
